jfRq-JeUCSM,Documentary,10298691
oYdcvRe7ox8,Documentary,6409436
v4qZB2ytq10,Documentary,5707002
5sMqFivWTmk,Documentary,5602580
NyK5SG9rwWI,Documentary,3986745
WOzY3U9xIoM,Documentary,3883630
vABOFleXLJQ,Documentary,3579298
HiQ8l7Vbgic,Documentary,3546240
RkicPYuEv2E,Documentary,3529291
7LYRUOd_QoM,Documentary,3502478
5LYAEz777AU,Howto & Style,40942956
bjQKCLvtLN0,Howto & Style,19576185
BP8cDLjG-s4,Howto & Style,9921123
bQkOdtQkpS0,Howto & Style,7742743
GwfDE03lnus,Howto & Style,6774924
so93nqxZLjM,Howto & Style,4125847
A1Z5ES3ZIH4,Howto & Style,2726873
VPWs3ndY-ds,Howto & Style,2479853
Pnrl0GT3kOs,Howto & Style,2298153
118bcdDnW3s,Howto & Style,2253512
